"SNP","ref_ATL","alt_ATL","CHR","BP","gene","beta","t.stat","p.value","FDR","FDR_corrected_all","TESTS","p_adj_bonf","Gene_name","chr_str_end","end","id","consequence_type","start","seq_region_name","feature_type","source","assembly_name","alleles","ref_dbsNP","alt_dbSNP"
"11:60127398:C:G","C","G","11","60127398","ENSG00000166928",1.40779102897373,7.54981299802481,3.0765917533869e-11,1.11985246821084e-07,1.50237497184659e-06,16,7.0700078492831e-08,"MS4A14","11:60127398","60127398","rs4939347","intron_variant","60127398","11","variation","dbSNP","GRCh37","C, G","C","G"
"11:60128955:A:G","A","G","11","60128955","ENSG00000166928",1.40779102897373,7.54981299802481,3.0765917533869e-11,1.11985246821084e-07,1.50237497184659e-06,16,7.0700078492831e-08,"MS4A14","11:60128955","60128955","rs11603207","intron_variant","60128955","11","variation","dbSNP","GRCh37","A, C, G, T","A","C, G, T"
"11:60118636:C:T","C","T","11","60118636","ENSG00000166928",-1.38545274670745,-7.48610441523901,4.15988967865873e-11,1.11985246821084e-07,1.50237497184659e-06,16,9.55942648155776e-08,"MS4A14","11:60118636","60118636","rs10897054","intron_variant","60118636","11","variation","dbSNP","GRCh37","C, T","C","T"
"11:60191241:C:T","C","T","11","60191241","ENSG00000166928",-1.41288353633018,-7.48115669451668,4.25840281680344e-11,1.11985246821084e-07,1.50237497184659e-06,16,9.7858096730143e-08,"MS4A14","11:60191241","60191241","rs2120181","intergenic_variant","60191241","11","variation","dbSNP","GRCh37","C, T","C","T"
"11:60181876:A:G","A","G","11","60181876","ENSG00000166928",1.39762160847657,7.46398042043319,4.61874274526994e-11,1.11985246821084e-07,1.50237497184659e-06,16,1.06138708286303e-07,"MS4A14","11:60181876","60181876","rs1443242","intron_variant","60181876","11","variation","dbSNP","GRCh37","A, G, T","A","G, T"
"11:60174709:C:G","C","G","11","60174709","ENSG00000166928",1.39737530597851,7.46357115043174,4.62768864527079e-11,1.11985246821084e-07,1.50237497184659e-06,16,1.06344285068323e-07,"MS4A14","11:60174709","60174709","rs4939354","intron_variant","60174709","11","variation","dbSNP","GRCh37","C, A, G","C","A, G"
"11:60174896:C:T","C","T","11","60174896","ENSG00000166928",1.39737530597851,7.46357115043174,4.62768864527079e-11,1.11985246821084e-07,1.50237497184659e-06,16,1.06344285068323e-07,"MS4A14","11:60174896","60174896","rs4938943","intron_variant","60174896","11","variation","dbSNP","GRCh37","C, T","C","T"
"11:60179032:C:T","C","T","11","60179032","ENSG00000166928",1.39750909029875,7.46354071801407,4.62835453023526e-11,1.11985246821084e-07,1.50237497184659e-06,16,1.06359587104806e-07,"MS4A14","11:60179032","60179032","rs10792274","intron_variant","60179032","11","variation","dbSNP","GRCh37","C, T","C","T"
"11:60180254:A:G","A","G","11","60180254","ENSG00000166928",1.39750909029875,7.46354071801407,4.62835453023526e-11,1.11985246821084e-07,1.50237497184659e-06,16,1.06359587104806e-07,"MS4A14","11:60180254","60180254","rs7940689","intron_variant","60180254","11","variation","dbSNP","GRCh37","A, G","A","G"
"11:60181627:T:G","T","G","11","60181627","ENSG00000166928",1.39741464854227,7.46322818978112,4.63519840444754e-11,1.11985246821084e-07,1.50237497184659e-06,16,1.06516859334204e-07,"MS4A14","11:60181627","60181627","rs1443241","intron_variant","60181627","11","variation","dbSNP","GRCh37","T, G","T","G"
"11:60178610:T:C","T","C","11","60178610","ENSG00000166928",1.39744397479202,7.4631578422062,4.63674029147932e-11,1.11985246821084e-07,1.50237497184659e-06,16,1.06552291898195e-07,"MS4A14","11:60178610","60178610","rs7106239","intron_variant","60178610","11","variation","dbSNP","GRCh37","T, A, C","T","A, C"
"11:60177841:C:T","C","T","11","60177841","ENSG00000166928",1.3973925249081,7.4629265320214,4.64181377226714e-11,1.11985246821084e-07,1.50237497184659e-06,16,1.06668880486699e-07,"MS4A14","11:60177841","60177841","rs11605979","intron_variant","60177841","11","variation","dbSNP","GRCh37","C, T","C","T"
"11:60176928:A:G","A","G","11","60176928","ENSG00000166928",1.39735662379649,7.46280248128007,4.64453693272265e-11,1.11985246821084e-07,1.50237497184659e-06,16,1.06731458713966e-07,"MS4A14","11:60176928","60176928","rs7128231","intron_variant","60176928","11","variation","dbSNP","GRCh37","A, C, G","A","C, G"
"11:60188469:T:G","T","G","11","60188469","ENSG00000166928",1.3961557431705,7.46084055743829,4.68781681466086e-11,1.11985246821084e-07,1.50237497184659e-06,16,1.07726030400907e-07,"MS4A14","11:60188469","60188469","rs10750938","intergenic_variant","60188469","11","variation","dbSNP","GRCh37","T, A, G","T","A, G"
"11:60190374:A:G","A","G","11","60190374","ENSG00000166928",-1.38788263856131,-7.42564268548669,5.53604993778393e-11,1.2343176941283e-07,1.65593956668997e-06,16,1.27218427570275e-07,"MS4A14","11:60190374","60190374","rs1596313","intergenic_variant","60190374","11","variation","dbSNP","GRCh37","A, G","A","G"
"11:60175473:A:G","A","G","11","60175473","ENSG00000166928",1.35322896594115,7.04099018632247,3.36753671306297e-10,6.28686675316262e-07,8.43435321116569e-06,16,7.7385993666187e-07,"MS4A14","11:60175473","60175473","rs7120356","intron_variant","60175473","11","variation","dbSNP","GRCh37","A, G, T","A","G, T"
"11:60174763:G:C","G","C","11","60174763","ENSG00000166928",1.35322855226136,7.04064974793266,3.37288631479395e-10,6.28686675316262e-07,8.43435321116569e-06,16,7.7508927513965e-07,"MS4A14","11:60174763","60174763","rs4938942","intron_variant","60174763","11","variation","dbSNP","GRCh37","G, A, C, T","G","A, C, T"
"11:60182970:A:T","A","T","11","60182970","ENSG00000166928",1.35322671530061,7.03996485067555,3.38367424820378e-10,6.28686675316262e-07,8.43435321116569e-06,16,7.77568342237229e-07,"MS4A14","11:60182970","60182970","rs7131283","missense_variant","60182970","11","variation","dbSNP","GRCh37","A, C, G, T","A","C, G, T"
"11:60128968:G:A","G","A","11","60128968","ENSG00000166928",1.22946294258716,7.00035607126494,4.06940662965245e-10,6.81392994989018e-07,9.1414522066343e-06,16,9.35149643494133e-07,"MS4A14","11:60128968","60128968","rs11230288","intron_variant","60128968","11","variation","dbSNP","GRCh37","G, A, C","G","A, C"
"11:60129505:C:G","C","G","11","60129505","ENSG00000166928",1.2294100654185,7.00007001327916,4.074829535875e-10,6.81392994989018e-07,9.1414522066343e-06,16,9.36395827344075e-07,"MS4A14","11:60129505","60129505","rs4528348","intron_variant","60129505","11","variation","dbSNP","GRCh37","C, A, G, T","C","A, G, T"
"11:60120539:T:G","T","G","11","60120539","ENSG00000166928",1.21917155341047,6.96813936545659,4.72745376269056e-10,7.20240254982613e-07,9.66262042116205e-06,16,1.08636887466629e-06,"MS4A14","11:60120539","60120539","rs1822366","intron_variant","60120539","11","variation","dbSNP","GRCh37","T, A, C, G","T","A, C, G"
"11:60117126:G:A","G","A","11","60117126","ENSG00000166928",1.21906383731158,6.9676666415111,4.73785600096205e-10,7.20240254982613e-07,9.66262042116205e-06,16,1.08875930902108e-06,"MS4A14","11:60117126","60117126","rs10792269","intron_variant","60117126","11","variation","dbSNP","GRCh37","G, A","G","A"
"11:60118851:G:A","G","A","11","60118851","ENSG00000166928",1.20009417190831,6.89512649229588,6.63513497827497e-10,9.64806322667079e-07,1.29436770735541e-05,16,1.52475401800759e-06,"MS4A14","11:60118851","60118851","rs12798266","intron_variant","60118851","11","variation","dbSNP","GRCh37","G, A, C","G","A, C"
"11:60139862:T:C","T","C","11","60139862","ENSG00000166928",1.26796639499612,6.19144904564969,1.64328046625559e-08,1.45832758418156e-05,0.000195646741461248,16,3.77625851145535e-05,"MS4A14","11:60139862","60139862","rs6591574","intron_variant","60139862","11","variation","dbSNP","GRCh37","T, A, C","T","A, C"
"11:60133986:C:T","C","T","11","60133986","ENSG00000166928",1.26794730601881,6.19139875101634,1.64365052718594e-08,1.45832758418156e-05,0.000195646741461248,16,3.77710891147329e-05,"MS4A14","11:60133986","60133986","rs11230289","intron_variant","60133986","11","variation","dbSNP","GRCh37","C, T","C","T"
"11:60134042:G:A","G","A","11","60134042","ENSG00000166928",1.26794730601881,6.19139875101634,1.64365052718594e-08,1.45832758418156e-05,0.000195646741461248,16,3.77710891147329e-05,"MS4A14","11:60134042","60134042","rs12573958","intron_variant","60134042","11","variation","dbSNP","GRCh37","G, A, C, T","G","A, C, T"
"11:60138201:A:G","A","G","11","60138201","ENSG00000166928",1.26794730601881,6.19139875101634,1.64365052718594e-08,1.45832758418156e-05,0.000195646741461248,16,3.77710891147329e-05,"MS4A14","11:60138201","60138201","rs3829247","intron_variant","60138201","11","variation","dbSNP","GRCh37","A, G, T","A","G, T"
"11:60144376:G:A","G","A","11","60144376","ENSG00000166928",1.26794730601881,6.19139875101634,1.64365052718594e-08,1.45832758418156e-05,0.000195646741461248,16,3.77710891147329e-05,"MS4A14","11:60144376","60144376","rs10736704","intron_variant","60144376","11","variation","dbSNP","GRCh37","G, A, C, T","G","A, C, T"
"11:60131653:A:T","A","T","11","60131653","ENSG00000166928",1.2678874391971,6.19110335648547,1.64582565959791e-08,1.45832758418156e-05,0.000195646741461248,16,3.782107365756e-05,"MS4A14","11:60131653","60131653","rs2903762","intron_variant","60131653","11","variation","dbSNP","GRCh37","A, C, G, T","A","C, G, T"
"11:60132047:C:T","C","T","11","60132047","ENSG00000166928",1.2678874391971,6.19110335648547,1.64582565959791e-08,1.45832758418156e-05,0.000195646741461248,16,3.782107365756e-05,"MS4A14","11:60132047","60132047","rs7924583","intron_variant","60132047","11","variation","dbSNP","GRCh37","C, T","C","T"
"11:60133410:G:C","G","C","11","60133410","ENSG00000166928",1.2678874391971,6.19110335648547,1.64582565959791e-08,1.45832758418156e-05,0.000195646741461248,16,3.782107365756e-05,"MS4A14","11:60133410","60133410","rs7928171","intron_variant","60133410","11","variation","dbSNP","GRCh37","G, A, C, T","G","A, C, T"
"11:60161651:T:C","T","C","11","60161651","ENSG00000166928",1.27061968384131,6.18833512794882,1.66634799058754e-08,1.45832758418156e-05,0.000195646741461248,16,3.82926768237017e-05,"MS4A14","11:60161651","60161651","rs1892","3_prime_UTR_variant","60161651","11","variation","dbSNP","GRCh37","T, A, C","T","A, C"
"11:60163635:T:C","T","C","11","60163635","ENSG00000166928",1.27040742966592,6.18761985011013,1.67169164435398e-08,1.45832758418156e-05,0.000195646741461248,16,3.84154739872545e-05,"MS4A14","11:60163635","60163635","rs3816270","intron_variant","60163635","11","variation","dbSNP","GRCh37","T, C","T","C"
"11:60159708:G:T","G","T","11","60159708","ENSG00000166928",-1.26390937258107,-6.18483239610162,1.69267781049493e-08,1.45832758418156e-05,0.000195646741461248,16,3.88977360851735e-05,"MS4A14","11:60159708","60159708","rs8181557","intron_variant","60159708","11","variation","dbSNP","GRCh37","G, A, T","G","A, T"
"11:60152531:A:C","A","C","11","60152531","ENSG00000166928",-1.26454423658199,-6.18462552390451,1.69424563073295e-08,1.45832758418156e-05,0.000195646741461248,16,3.89337645942432e-05,"MS4A14","11:60152531","60152531","rs2233244","intron_variant","60152531","11","variation","dbSNP","GRCh37","A, C, T","A","C, T"
"11:60174250:C:T","C","T","11","60174250","ENSG00000166928",1.10835903537904,6.17711557702861,1.75214173636386e-08,1.45832758418156e-05,0.000195646741461248,16,4.02642171016415e-05,"MS4A14","11:60174250","60174250","rs955019","intron_variant","60174250","11","variation","dbSNP","GRCh37","C, T","C","T"
"11:60131562:C:G","C","G","11","60131562","ENSG00000166928",-1.25791107327667,-6.17277906238014,1.78645758473102e-08,1.45832758418156e-05,0.000195646741461248,16,4.10527952971188e-05,"MS4A14","11:60131562","60131562","rs7128381","intron_variant","60131562","11","variation","dbSNP","GRCh37","C, G, T","C","G, T"
"11:60133964:T:G","T","G","11","60133964","ENSG00000166928",-1.25792104808002,-6.17274140172543,1.78675848782029e-08,1.45832758418156e-05,0.000195646741461248,16,4.10597100501103e-05,"MS4A14","11:60133964","60133964","rs10792270","intron_variant","60133964","11","variation","dbSNP","GRCh37","T, G","T","G"
"11:60138079:T:C","T","C","11","60138079","ENSG00000166928",-1.25787888971045,-6.17251000629584,1.78860840109252e-08,1.45832758418156e-05,0.000195646741461248,16,4.11022210571061e-05,"MS4A14","11:60138079","60138079","rs10897055","intron_variant","60138079","11","variation","dbSNP","GRCh37","T, C","T","C"
"11:60130796:C:T","C","T","11","60130796","ENSG00000166928",1.25140071827386,6.16805371860867,1.82460552047205e-08,1.45832758418156e-05,0.000195646741461248,16,4.19294348604477e-05,"MS4A14","11:60130796","60130796","rs1443246","intron_variant","60130796","11","variation","dbSNP","GRCh37","C, G, T","C","G, T"
"11:60180335:C:T","C","T","11","60180335","ENSG00000166928",1.10666676837337,6.16786368160542,1.8261563946779e-08,1.45832758418156e-05,0.000195646741461248,16,4.19650739496981e-05,"MS4A14","11:60180335","60180335","rs7926219","intron_variant","60180335","11","variation","dbSNP","GRCh37","C, T","C","T"
"11:60184191:G:A","G","A","11","60184191","ENSG00000166928",1.10651845598419,6.16722080888241,1.83141246667939e-08,1.45832758418156e-05,0.000195646741461248,16,4.20858584842924e-05,"MS4A14","11:60184191","60184191","rs3825020","missense_variant","60184191","11","variation","dbSNP","GRCh37","G, A, C","G","A, C"
"11:60192250:C:T","C","T","11","60192250","ENSG00000166928",-1.15365416910801,-6.10215672216092,2.44829394376361e-08,1.86092596943705e-05,0.000249658654180435,16,5.62617948276878e-05,"MS4A14","11:60192250","60192250","rs10897059","intergenic_variant","60192250","11","variation","dbSNP","GRCh37","C, G, T","C","G, T"
"11:60193409:C:T","C","T","11","60193409","ENSG00000166928",-1.15365416910801,-6.10215672216092,2.44829394376361e-08,1.86092596943705e-05,0.000249658654180435,16,5.62617948276878e-05,"MS4A14","11:60193409","60193409","rs4938944","intergenic_variant","60193409","11","variation","dbSNP","GRCh37","C, T","C","T"
"11:60199046:G:A","G","A","11","60199046","ENSG00000166928",-1.13677314389805,-6.06148000749714,2.93378660581891e-08,1.95949043615104e-05,0.000262881894929378,16,6.74184162017186e-05,"MS4A14","11:60199046","60199046","rs10897061","intron_variant","60199046","11","variation","dbSNP","GRCh37","G, A","G","A"
"11:60173847:G:A","G","A","11","60173847","ENSG00000166928",1.24690839940892,6.04943830946327,3.09490999234208e-08,1.95949043615104e-05,0.000262881894929378,16,7.1121031624021e-05,"MS4A14","11:60173847","60173847","rs1373060","intron_variant","60173847","11","variation","dbSNP","GRCh37","G, A","G","A"
"11:60173107:A:G","A","G","11","60173107","ENSG00000166928",1.24666663598806,6.04874255030306,3.10448157134865e-08,1.95949043615104e-05,0.000262881894929378,16,7.1340986509592e-05,"MS4A14","11:60173107","60173107","rs4939352","intron_variant","60173107","11","variation","dbSNP","GRCh37","A, G","A","G"
"11:60173554:A:G","A","G","11","60173554","ENSG00000166928",1.24666942768944,6.04845231270989,3.10848299786214e-08,1.95949043615104e-05,0.000262881894929378,16,7.1432939290872e-05,"MS4A14","11:60173554","60173554","rs4939353","intron_variant","60173554","11","variation","dbSNP","GRCh37","A, C, G, T","A","C, G, T"
"11:60166175:G:A","G","A","11","60166175","ENSG00000166928",1.24305270072796,6.04062614081997,3.2183179182322e-08,1.95949043615104e-05,0.000262881894929378,16,7.3956945760976e-05,"MS4A14","11:60166175","60166175","rs1443251","intron_variant","60166175","11","variation","dbSNP","GRCh37","G, A, C, T","G","A, C, T"
"11:60166622:T:C","T","C","11","60166622","ENSG00000166928",1.24305270072796,6.04062614081997,3.2183179182322e-08,1.95949043615104e-05,0.000262881894929378,16,7.3956945760976e-05,"MS4A14","11:60166622","60166622","rs7107802","intron_variant","60166622","11","variation","dbSNP","GRCh37","T, C, G","T","C, G"
"11:60166808:A:C","A","C","11","60166808","ENSG00000166928",1.24305270072796,6.04062614081997,3.2183179182322e-08,1.95949043615104e-05,0.000262881894929378,16,7.3956945760976e-05,"MS4A14","11:60166808","60166808","rs6591580","intron_variant","60166808","11","variation","dbSNP","GRCh37","A, C","A","C"
"11:60167606:C:T","C","T","11","60167606","ENSG00000166928",1.24305270072796,6.04062614081997,3.2183179182322e-08,1.95949043615104e-05,0.000262881894929378,16,7.3956945760976e-05,"MS4A14","11:60167606","60167606","rs2304937","intron_variant","60167606","11","variation","dbSNP","GRCh37","C, T","C","T"
"11:60168927:G:A","G","A","11","60168927","ENSG00000166928",1.24305270072796,6.04062614081997,3.2183179182322e-08,1.95949043615104e-05,0.000262881894929378,16,7.3956945760976e-05,"MS4A14","11:60168927","60168927","rs2197237","intron_variant","60168927","11","variation","dbSNP","GRCh37","G, A, T","G","A, T"
"11:60169577:A:G","A","G","11","60169577","ENSG00000166928",1.24305270072796,6.04062614081997,3.2183179182322e-08,1.95949043615104e-05,0.000262881894929378,16,7.3956945760976e-05,"MS4A14","11:60169577","60169577","rs2034082","intron_variant","60169577","11","variation","dbSNP","GRCh37","A, G, T","A","G, T"
"11:60169828:A:G","A","G","11","60169828","ENSG00000166928",1.24305920892668,6.04033613279817,3.22246065029025e-08,1.95949043615104e-05,0.000262881894929378,16,7.40521457436699e-05,"MS4A14","11:60169828","60169828","rs1348371","intron_variant","60169828","11","variation","dbSNP","GRCh37","A, G","A","G"
"11:60167326:C:G","C","G","11","60167326","ENSG00000166928",-1.23444162527985,-6.03085743438544,3.36079461520047e-08,2.00711455554937e-05,0.000269271065563131,16,7.72310602573068e-05,"MS4A14","11:60167326","60167326","rs7123266","intron_variant","60167326","11","variation","dbSNP","GRCh37","C, G","C","G"
"11:60166455:A:G","A","G","11","60166455","ENSG00000166928",1.22288808622526,6.01380218277955,3.6245958736345e-08,2.12668393680407e-05,0.000285312289822185,16,8.32932131761208e-05,"MS4A14","11:60166455","60166455","rs10897056","intron_variant","60166455","11","variation","dbSNP","GRCh37","A, C, G","A","C, G"
"11:60216513:A:G","A","G","11","60216513","ENSG00000166928",1.13399920572243,5.93402167106838,5.15572718833089e-08,2.92353577645421e-05,0.000392216573568861,16,0.000118478610787844,"MS4A14","11:60216513","60216513","rs10792277","intron_variant","60216513","11","variation","dbSNP","GRCh37","A, G","A","G"
"11:60216561:C:G","C","G","11","60216561","ENSG00000166928",1.13397677110477,5.93394207141979,5.15753530710437e-08,2.92353577645421e-05,0.000392216573568861,16,0.000118520161357258,"MS4A14","11:60216561","60216561","rs10897067","intron_variant","60216561","11","variation","dbSNP","GRCh37","C, A, G, T","C","A, G, T"
"11:60113543:C:G","C","G","11","60113543","ENSG00000166928",-1.21377236201411,-5.89261330382512,6.18582233879843e-08,3.19109683124547e-05,0.000428112108344213,16,0.000142150197345588,"MS4A14","11:60113543","60113543","rs7126883","intron_variant","60113543","11","variation","dbSNP","GRCh37","C, G, T","C","G, T"
"11:60110425:T:C","T","C","11","60110425","ENSG00000166928",-1.21377262844711,-5.89253832866217,6.18785994752106e-08,3.19109683124547e-05,0.000428112108344213,16,0.000142197021594034,"MS4A14","11:60110425","60110425","rs1867218","intron_variant","60110425","11","variation","dbSNP","GRCh37","T, C","T","C"
"11:60110870:A:G","A","G","11","60110870","ENSG00000166928",-1.21372547378077,-5.89245606336779,6.19009644125404e-08,3.19109683124547e-05,0.000428112108344213,16,0.000142248416220018,"MS4A14","11:60110870","60110870","rs56180840","intron_variant","60110870","11","variation","dbSNP","GRCh37","A, G, T","A","G, T"
"11:60111621:T:C","T","C","11","60111621","ENSG00000166928",-1.21372547378077,-5.89245606336779,6.19009644125404e-08,3.19109683124547e-05,0.000428112108344213,16,0.000142248416220018,"MS4A14","11:60111621","60111621","rs4939342","intron_variant","60111621","11","variation","dbSNP","GRCh37","T, C","T","C"
"11:60109302:G:T","G","T","11","60109302","ENSG00000166928",-1.21368741778311,-5.89241285764887,6.19127136609603e-08,3.19109683124547e-05,0.000428112108344213,16,0.000142275415992887,"MS4A14","11:60109302","60109302","rs10897052","intron_variant","60109302","11","variation","dbSNP","GRCh37","G, C, T","G","C, T"
"11:60112812:A:G","A","G","11","60112812","ENSG00000166928",-1.21653705240107,-5.89201694192991,6.20204802149729e-08,3.19109683124547e-05,0.000428112108344213,16,0.000142523063534008,"MS4A14","11:60112812","60112812","rs11230284","intron_variant","60112812","11","variation","dbSNP","GRCh37","A, G","A","G"
"11:60147347:C:T","C","T","11","60147347","ENSG00000166928",1.11110525021568,5.82810215055171,8.20719782527393e-08,4.02252057494678e-05,0.000539654499774712,16,0.000188601406024795,"MS4A14","11:60147347","60147347","rs1838095","intron_variant","60147347","11","variation","dbSNP","GRCh37","C, T","C","T"
"11:60144781:C:T","C","T","11","60144781","ENSG00000166928",1.09940016648848,5.78950007169386,9.71425131998488e-08,4.02252057494678e-05,0.000539654499774712,16,0.000223233495333253,"MS4A14","11:60144781","60144781","rs4290252","intron_variant","60144781","11","variation","dbSNP","GRCh37","C, T","C","T"
"11:60144810:C:A","C","A","11","60144810","ENSG00000166928",1.09940016648848,5.78950007169386,9.71425131998488e-08,4.02252057494678e-05,0.000539654499774712,16,0.000223233495333253,"MS4A14","11:60144810","60144810","rs4290253","intron_variant","60144810","11","variation","dbSNP","GRCh37","C, A","C","A"
"11:60145441:G:C","G","C","11","60145441","ENSG00000166928",1.09940016648848,5.78950007169386,9.71425131998488e-08,4.02252057494678e-05,0.000539654499774712,16,0.000223233495333253,"MS4A14","11:60145441","60145441","rs2233238","intron_variant","60145441","11","variation","dbSNP","GRCh37","G, A, C, T","G","A, C, T"
"11:60144141:C:T","C","T","11","60144141","ENSG00000166928",1.09938441799471,5.7894469712488,9.71650121363134e-08,4.02252057494678e-05,0.000539654499774712,16,0.000223285197889248,"MS4A14","11:60144141","60144141","rs1319179","intron_variant","60144141","11","variation","dbSNP","GRCh37","C, T","C","T"
"11:60144180:G:A","G","A","11","60144180","ENSG00000166928",1.09938441799471,5.7894469712488,9.71650121363134e-08,4.02252057494678e-05,0.000539654499774712,16,0.000223285197889248,"MS4A14","11:60144180","60144180","rs10750936","intron_variant","60144180","11","variation","dbSNP","GRCh37","G, A, C","G","A, C"
"11:60144133:A:G","A","G","11","60144133","ENSG00000166928",1.09937547692654,5.78942837990403,9.7172890597702e-08,4.02252057494678e-05,0.000539654499774712,16,0.000223303302593519,"MS4A14","11:60144133","60144133","rs1318775","intron_variant","60144133","11","variation","dbSNP","GRCh37","A, C, G","A","C, G"
"11:60136243:C:G","C","G","11","60136243","ENSG00000166928",1.09938394196731,5.78937041359458,9.71974590370153e-08,4.02252057494678e-05,0.000539654499774712,16,0.000223359760867061,"MS4A14","11:60136243","60136243","rs4939350","intron_variant","60136243","11","variation","dbSNP","GRCh37","C, A, G, T","C","A, G, T"
"11:60132164:G:A","G","A","11","60132164","ENSG00000166928",1.09933066211776,5.78933178600635,9.72138343452966e-08,4.02252057494678e-05,0.000539654499774712,16,0.000223397391325492,"MS4A14","11:60132164","60132164","rs7952244","intron_variant","60132164","11","variation","dbSNP","GRCh37","G, A, T","G","A, T"
"11:60132304:T:G","T","G","11","60132304","ENSG00000166928",1.09933066211776,5.78933178600635,9.72138343452966e-08,4.02252057494678e-05,0.000539654499774712,16,0.000223397391325492,"MS4A14","11:60132304","60132304","rs894592","intron_variant","60132304","11","variation","dbSNP","GRCh37","T, A, C, G","T","A, C, G"
"11:60135392:G:T","G","T","11","60135392","ENSG00000166928",1.0992370924812,5.78895743763947,9.73726716645262e-08,4.02252057494678e-05,0.000539654499774712,16,0.000223762399485081,"MS4A14","11:60135392","60135392","rs7936040","intron_variant","60135392","11","variation","dbSNP","GRCh37","G, T","G","T"
"11:60135871:A:C","A","C","11","60135871","ENSG00000166928",1.0992370924812,5.78895743763947,9.73726716645262e-08,4.02252057494678e-05,0.000539654499774712,16,0.000223762399485081,"MS4A14","11:60135871","60135871","rs4939348","intron_variant","60135871","11","variation","dbSNP","GRCh37","A, C","A","C"
"11:60135880:G:A","G","A","11","60135880","ENSG00000166928",1.0992370924812,5.78895743763947,9.73726716645262e-08,4.02252057494678e-05,0.000539654499774712,16,0.000223762399485081,"MS4A14","11:60135880","60135880","rs4939349","intron_variant","60135880","11","variation","dbSNP","GRCh37","G, A, C","G","A, C"
"11:60142538:C:A","C","A","11","60142538","ENSG00000166928",1.09923955827241,5.78895033139814,9.73756893350108e-08,4.02252057494678e-05,0.000539654499774712,16,0.000223769334091855,"MS4A14","11:60142538","60142538","rs7944025","intron_variant","60142538","11","variation","dbSNP","GRCh37","C, A, G, T","C","A, G, T"
"11:60143407:A:G","A","G","11","60143407","ENSG00000166928",1.09923955827241,5.78895033139814,9.73756893350108e-08,4.02252057494678e-05,0.000539654499774712,16,0.000223769334091855,"MS4A14","11:60143407","60143407","rs6591576","intron_variant","60143407","11","variation","dbSNP","GRCh37","A, G, T","A","G, T"
"11:60132647:T:C","T","C","11","60132647","ENSG00000166928",1.09943777570051,5.78883705903631,9.74238029454279e-08,4.02252057494678e-05,0.000539654499774712,16,0.000223879899168593,"MS4A14","11:60132647","60132647","rs894591","intron_variant","60132647","11","variation","dbSNP","GRCh37","T, A, C","T","A, C"
"11:60192159:A:G","A","G","11","60192159","ENSG00000166928",-1.11129722510297,-5.76180344936112,1.09601292416622e-07,4.41627183564035e-05,0.000592479497351778,16,0.000251863769973397,"MS4A14","11:60192159","60192159","rs4939357","intergenic_variant","60192159","11","variation","dbSNP","GRCh37","A, C, G","A","C, G"
"11:60195823:T:C","T","C","11","60195823","ENSG00000166928",-1.11129722510297,-5.76180344936112,1.09601292416622e-07,4.41627183564035e-05,0.000592479497351778,16,0.000251863769973397,"MS4A14","11:60195823","60195823","rs7929356","intergenic_variant","60195823","11","variation","dbSNP","GRCh37","T, C","T","C"
"11:60161527:A:G","A","G","11","60161527","ENSG00000166928",1.20492385229327,5.64610473070069,1.80961362759093e-07,7.20484740013703e-05,0.000966590039064132,16,0.000415849211620396,"MS4A14","11:60161527","60161527","rs1062167","3_prime_UTR_variant","60161527","11","variation","dbSNP","GRCh37","A, G, T","A","G, T"
"11:60164302:C:T","C","T","11","60164302","ENSG00000166928",0.99880896444,5.48080961758621,3.67586811320563e-07,0.000136593720934438,0.00183251806348352,16,0.000844714492414654,"MS4A14","11:60164302","60164302","rs2241921","intron_variant","60164302","11","variation","dbSNP","GRCh37","C, A, G, T","C","A, G, T"
"11:60164204:G:A","G","A","11","60164204","ENSG00000166928",0.997555328691649,5.47666327938494,3.74134559381221e-07,0.000136593720934438,0.00183251806348352,16,0.000859761217458046,"MS4A14","11:60164204","60164204","rs2241920","intron_variant","60164204","11","variation","dbSNP","GRCh37","G, A","G","A"
"11:60157107:T:G","T","G","11","60157107","ENSG00000166928",0.997448277729045,5.47585453716082,3.75424960923333e-07,0.000136593720934438,0.00183251806348352,16,0.000862726560201819,"MS4A14","11:60157107","60157107","rs2233252","non_coding_transcript_exon_variant","60157107","11","variation","dbSNP","GRCh37","T, G","T","G"
"11:60157166:C:T","C","T","11","60157166","ENSG00000166928",0.997448277729045,5.47585453716082,3.75424960923333e-07,0.000136593720934438,0.00183251806348352,16,0.000862726560201819,"MS4A14","11:60157166","60157166","rs2233253","non_coding_transcript_exon_variant","60157166","11","variation","dbSNP","GRCh37","C, G, T","C","G, T"
"11:60152563:T:A","T","A","11","60152563","ENSG00000166928",0.997760985082087,5.47570428076894,3.75665185198705e-07,0.000136593720934438,0.00183251806348352,16,0.000863278595586624,"MS4A14","11:60152563","60152563","rs950803","splice_region_variant","60152563","11","variation","dbSNP","GRCh37","T, A","T","A"
"11:60155000:T:C","T","C","11","60155000","ENSG00000166928",0.997411131446297,5.4756505178936,3.75751175875144e-07,0.000136593720934438,0.00183251806348352,16,0.000863476202161081,"MS4A14","11:60155000","60155000","rs7935082","intron_variant","60155000","11","variation","dbSNP","GRCh37","T, A, C, G","T","A, C, G"
"11:60156297:T:C","T","C","11","60156297","ENSG00000166928",0.997411131446297,5.4756505178936,3.75751175875144e-07,0.000136593720934438,0.00183251806348352,16,0.000863476202161081,"MS4A14","11:60156297","60156297","rs2014121","intron_variant","60156297","11","variation","dbSNP","GRCh37","T, C","T","C"
"11:60158649:G:A","G","A","11","60158649","ENSG00000166928",0.997411131446297,5.4756505178936,3.75751175875144e-07,0.000136593720934438,0.00183251806348352,16,0.000863476202161081,"MS4A14","11:60158649","60158649","rs6591578","intron_variant","60158649","11","variation","dbSNP","GRCh37","G, A","G","A"
"11:60172770:G:A","G","A","11","60172770","ENSG00000166928",0.974431725126441,5.34798607544994,6.45165148447657e-07,0.00022287889639415,0.00299010526118977,16,0.00148258951113272,"MS4A14","11:60172770","60172770","rs7946122","intron_variant","60172770","11","variation","dbSNP","GRCh37","G, A, T","G","A, T"
"11:60173360:A:G","A","G","11","60173360","ENSG00000166928",0.974431725126441,5.34798607544994,6.45165148447657e-07,0.00022287889639415,0.00299010526118977,16,0.00148258951113272,"MS4A14","11:60173360","60173360","rs4938941","splice_acceptor_variant","60173360","11","variation","dbSNP","GRCh37","A, C, G, T","A","C, G, T"
"11:60172087:C:T","C","T","11","60172087","ENSG00000166928",0.972483468270429,5.34605650495639,6.50428638780067e-07,0.00022287889639415,0.00299010526118977,16,0.00149468501191659,"MS4A14","11:60172087","60172087","rs10750937","3_prime_UTR_variant","60172087","11","variation","dbSNP","GRCh37","C, T","C","T"
"11:60172273:A:T","A","T","11","60172273","ENSG00000166928",0.972500996021529,5.34603927734551,6.50475821206307e-07,0.00022287889639415,0.00299010526118977,16,0.00149479343713209,"MS4A14","11:60172273","60172273","rs10897057","intron_variant","60172273","11","variation","dbSNP","GRCh37","A, C, G, T","A","C, G, T"
"11:60168200:C:T","C","T","11","60168200","ENSG00000166928",0.972274719501757,5.34510188838906,6.53048170916199e-07,0.00022287889639415,0.00299010526118977,16,0.00150070469676543,"MS4A14","11:60168200","60168200","rs1373064","intron_variant","60168200","11","variation","dbSNP","GRCh37","C, T","C","T"
"11:60168859:T:C","T","C","11","60168859","ENSG00000166928",0.972292229556069,5.34508461046911,6.53095677748675e-07,0.00022287889639415,0.00299010526118977,16,0.00150081386746646,"MS4A14","11:60168859","60168859","rs2197236","intron_variant","60168859","11","variation","dbSNP","GRCh37","T, A, C","T","A, C"
"11:60216445:T:C","T","C","11","60216445","ENSG00000166928",0.946668855946045,5.33370302483068,6.85136851064803e-07,0.000231451685323346,0.00310511633534247,16,0.00157444448374692,"MS4A14","11:60216445","60216445","rs10897066","intron_variant","60216445","11","variation","dbSNP","GRCh37","T, A, C","T","A, C"
"11:60180309:T:G","T","G","11","60180309","ENSG00000166928",-1.3215133050508,-4.93870990939776,3.50110624621796e-06,0.00117090997298513,0.0157087284944683,16,0.00804554215380887,"MS4A14","11:60180309","60180309","rs1838092","intron_variant","60180309","11","variation","dbSNP","GRCh37","T, G","T","G"
"11:60221420:T:C","T","C","11","60221420","ENSG00000166928",0.982598325353794,4.8249445183053,5.53494057032326e-06,0.00174597503632945,0.0213289005702116,16,0.0127192934306029,"MS4A14","11:60221420","60221420","rs3809088","intron_variant","60221420","11","variation","dbSNP","GRCh37","T, A, C","T","A, C"
"11:60108646:G:C","G","C","11","60108646","ENSG00000166928",-1.07686232800118,-4.81586193705589,5.73969089286195e-06,0.00174597503632945,0.0213289005702116,16,0.0131898096717968,"MS4A14","11:60108646","60108646","rs2289611","intron_variant","60108646","11","variation","dbSNP","GRCh37","G, C","G","C"
"11:60113276:C:T","C","T","11","60113276","ENSG00000166928",-1.07675935237893,-4.81564039872755,5.7447759960035e-06,0.00174597503632945,0.0213289005702116,16,0.013201495238816,"MS4A14","11:60113276","60113276","rs7126512","intron_variant","60113276","11","variation","dbSNP","GRCh37","C, T","C","T"
"11:60109169:G:A","G","A","11","60109169","ENSG00000166928",-1.07671862169215,-4.81552275525917,5.74747811866824e-06,0.00174597503632945,0.0213289005702116,16,0.0132077047166996,"MS4A14","11:60109169","60109169","rs11230282","intron_variant","60109169","11","variation","dbSNP","GRCh37","G, A","G","A"
"11:60226652:T:C","T","C","11","60226652","ENSG00000166928",0.983693008279873,4.81478020457353,5.76456212355451e-06,0.00174597503632945,0.0213289005702116,16,0.0132469637599283,"MS4A14","11:60226652","60226652","rs4939363","intron_variant","60226652","11","variation","dbSNP","GRCh37","T, A, C, G","T","A, C, G"
"11:60226303:T:C","T","C","11","60226303","ENSG00000166928",0.983537337184948,4.81435271330689,5.77441988839999e-06,0.00174597503632945,0.0213289005702116,16,0.0132696169035432,"MS4A14","11:60226303","60226303","rs2155714","intron_variant","60226303","11","variation","dbSNP","GRCh37","T, A, C","T","A, C"
"11:60226383:A:T","A","T","11","60226383","ENSG00000166928",0.983537337184948,4.81435271330689,5.77441988839999e-06,0.00174597503632945,0.0213289005702116,16,0.0132696169035432,"MS4A14","11:60226383","60226383","rs2186920","intron_variant","60226383","11","variation","dbSNP","GRCh37","A, C, T","A","C, T"
"11:60223018:G:A","G","A","11","60223018","ENSG00000166928",0.983555962539105,4.8142723508252,5.77627484262041e-06,0.00174597503632945,0.0213289005702116,16,0.0132738795883417,"MS4A14","11:60223018","60223018","rs4939362","intergenic_variant","60223018","11","variation","dbSNP","GRCh37","G, A, C","G","A, C"
"11:60228245:G:T","G","T","11","60228245","ENSG00000166928",0.983481721061026,4.81418736981781,5.77823703371385e-06,0.00174597503632945,0.0213289005702116,16,0.0132783887034744,"MS4A14","11:60228245","60228245","rs948312","intron_variant","60228245","11","variation","dbSNP","GRCh37","G, A, T","G","A, T"
"11:60225758:G:A","G","A","11","60225758","ENSG00000166928",0.983364157615917,4.81384715727188,5.78609895486934e-06,0.00174597503632945,0.0213289005702116,16,0.0132964553982897,"MS4A14","11:60225758","60225758","rs1941030","intron_variant","60225758","11","variation","dbSNP","GRCh37","G, A, C","G","A, C"
"11:60108278:T:C","T","C","11","60108278","ENSG00000166928",-1.07035368316991,-4.81122415394978,5.84706387001849e-06,0.00174597503632945,0.0213289005702116,16,0.0134365527733025,"MS4A14","11:60108278","60108278","rs10212","3_prime_UTR_variant","60108278","11","variation","dbSNP","GRCh37","T, A, C","T","A, C"
"11:60108714:T:C","T","C","11","60108714","ENSG00000166928",-1.07035368316991,-4.81122415394978,5.84706387001849e-06,0.00174597503632945,0.0213289005702116,16,0.0134365527733025,"MS4A14","11:60108714","60108714","rs2289610","intron_variant","60108714","11","variation","dbSNP","GRCh37","T, C","T","C"
"11:60135129:G:C","G","C","11","60135129","ENSG00000166928",-1.06480122055798,-4.75954357025045,7.18384118879548e-06,0.00212616269662014,0.0259938603286094,16,0.016508467051852,"MS4A14","11:60135129","60135129","rs11230290","intron_variant","60135129","11","variation","dbSNP","GRCh37","G, C","G","C"
"11:60230722:G:T","G","T","11","60230722","ENSG00000166928",-0.983306106875093,-4.75213917561076,7.39819763743257e-06,0.0021703975595289,0.0265553273421249,16,0.01700105817082,"MS4A14","11:60230722","60230722","rs10792278","intron_variant","60230722","11","variation","dbSNP","GRCh37","G, T","G","T"
"11:60229194:C:T","C","T","11","60229194","ENSG00000166928",0.966217970431709,4.7357837277499,7.89394318142505e-06,0.00229569596312678,0.0276706760367079,16,0.0181402814309148,"MS4A14","11:60229194","60229194","rs2155713","intron_variant","60229194","11","variation","dbSNP","GRCh37","C, T","C","T"
"11:60261956:G:C","G","C","11","60261956","ENSG00000166928",-1.05634714829356,-4.62003732812986,1.24490555010448e-05,0.00356157821394981,0.0414861601234206,16,0.028607929541401,"MS4A14","11:60261956","60261956","rs7129443","intron_variant","60261956","11","variation","dbSNP","GRCh37","G, C","G","C"
"11:60261955:G:T","G","T","11","60261955","ENSG00000166928",-1.05655168109883,-4.61981719452203,1.24597730843239e-05,0.00356157821394981,0.0414861601234206,16,0.0286325585477763,"MS4A14","11:60261955","60261955","rs7129442","intron_variant","60261955","11","variation","dbSNP","GRCh37","G, T","G","T"
"11:60768953:G:A","G","A","11","60768953","ENSG00000167994",-0.378418516851698,-4.58515204849028,1.42639744047254e-05,0.00404274881348843,0.0463764186372303,15,0.032778613182059,"RAB3IL1","11:60768953","60768953","rs10750951","intron_variant","60768953","11","variation","dbSNP","GRCh37","G, A","G","A"
"15:50572398:C:T","C","T","15","50572398","ENSG00000183578",-0.670773783150836,-4.91704573921812,3.8217990134731e-06,0.00890012315815391,0.0158634202501917,20,0.00878249413296118,"TNFAIP8L3","15:50572398","50572398","rs12906304","intron_variant","50572398","15","variation","dbSNP","GRCh37","C, T","C","T"
"15:50566473:T:C","T","C","15","50566473","ENSG00000183578",-0.670695066746759,-4.91671213346102,3.82695446118267e-06,0.00890012315815391,0.0158634202501917,20,0.00879434135179778,"TNFAIP8L3","15:50566473","50566473","rs28451583","intergenic_variant","50566473","15","variation","dbSNP","GRCh37","T, C","T","C"
"15:50564358:G:C","G","C","15","50564358","ENSG00000183578",-0.670673580280378,-4.91657178215439,3.82912543391217e-06,0.00890012315815391,0.0158634202501917,20,0.00879933024713017,"TNFAIP8L3","15:50564358","50564358","rs8034597","intergenic_variant","50564358","15","variation","dbSNP","GRCh37","G, C","G","C"
"15:50565246:G:A","G","A","15","50565246","ENSG00000183578",-0.670673580280378,-4.91657178215439,3.82912543391217e-06,0.00890012315815391,0.0158634202501917,20,0.00879933024713017,"TNFAIP8L3","15:50565246","50565246","rs34405772","intergenic_variant","50565246","15","variation","dbSNP","GRCh37","G, A","G","A"
"15:50572601:A:G","A","G","15","50572601","ENSG00000183578",-0.670687263032868,-4.91628292195857,3.83359733775785e-06,0.00890012315815391,0.0158634202501917,20,0.00880960668216754,"TNFAIP8L3","15:50572601","50572601","rs12910368","intron_variant","50572601","15","variation","dbSNP","GRCh37","A, G","A","G"
"15:50570036:A:G","A","G","15","50570036","ENSG00000183578",-0.670662423505929,-4.91619244644655,3.83499905359477e-06,0.00890012315815391,0.0158634202501917,20,0.00881282782516078,"TNFAIP8L3","15:50570036","50570036","rs12923","3_prime_UTR_variant","50570036","15","variation","dbSNP","GRCh37","A, G","A","G"
"15:50571444:T:C","T","C","15","50571444","ENSG00000183578",-0.670662423505929,-4.91619244644655,3.83499905359477e-06,0.00890012315815391,0.0158634202501917,20,0.00881282782516078,"TNFAIP8L3","15:50571444","50571444","rs4775872","intron_variant","50571444","15","variation","dbSNP","GRCh37","T, C","T","C"
"15:50568637:T:G","T","G","15","50568637","ENSG00000183578",-0.670657636331974,-4.91614280882875,3.83576828960063e-06,0.00890012315815391,0.0158634202501917,20,0.00881459552950225,"TNFAIP8L3","15:50568637","50568637","rs28531946","regulatory_region_variant","50568637","15","variation","dbSNP","GRCh37","T, C, G","T","C, G"
"15:50605585:G:A","G","A","15","50605585","ENSG00000183578",-0.671756887658548,-4.91498292447604,3.85378590767763e-06,0.00890012315815391,0.0158634202501917,20,0.00885600001584319,"TNFAIP8L3","15:50605585","50605585","rs11636908","intron_variant","50605585","15","variation","dbSNP","GRCh37","G, A","G","A"
"15:50589400:G:A","G","A","15","50589400","ENSG00000183578",-0.67064422670502,-4.91017884896145,3.92929410213894e-06,0.00890012315815391,0.0160271977132145,20,0.00902951784671529,"TNFAIP8L3","15:50589400","50589400","rs12912679","intron_variant","50589400","15","variation","dbSNP","GRCh37","G, A","G","A"
"15:50572477:G:A","G","A","15","50572477","ENSG00000183578",-0.670533619397882,-4.9054031474228,4.00578374548662e-06,0.00890012315815391,0.0161919913976684,20,0.00920529104712825,"TNFAIP8L3","15:50572477","50572477","rs35033384","intron_variant","50572477","15","variation","dbSNP","GRCh37","G, A, C","G","A, C"
"15:61799148:T:G","T","G","15","61799148","ENSG00000171914",-0.210643158803279,-4.62439684953189,1.22386370610331e-05,0.0211489472834616,0.0414861601234206,26,0.0281243879662541,"TLN2","15:61799148","61799148","rs4377104","intron_variant","61799148","15","variation","dbSNP","GRCh37","T, A, G","T","A, G"
"15:61799175:G:C","G","C","15","61799175","ENSG00000171914",-0.21163085582913,-4.61874624707233,1.25120417783298e-05,0.0211489472834616,0.0414861601234206,26,0.0287526720066019,"TLN2","15:61799175","61799175","rs4502155","intron_variant","61799175","15","variation","dbSNP","GRCh37","G, C","G","C"
"15:61799437:T:C","T","C","15","61799437","ENSG00000171914",-0.211612846562119,-4.61746296028213,1.25749539799839e-05,0.0211489472834616,0.0414861601234206,26,0.028897244246003,"TLN2","15:61799437","61799437","rs4541013","splice_region_variant","61799437","15","variation","dbSNP","GRCh37","T, C","T","C"
"15:50693975:T:C","T","C","15","50693975","ENSG00000183578",-0.629747355378265,-4.60934448454868,1.29801231281474e-05,0.0211489472834616,0.0425102822263799,20,0.0298283229484827,"TNFAIP8L3","15:50693975","50693975","rs75254070","intergenic_variant","50693975","15","variation","dbSNP","GRCh37","T, C","T","C"
"19:54863258:G:A","G","A","19","54863258","ENSG00000170909",-0.960360439640501,-4.74186020521137,7.7061042395075e-06,0.0329623649651589,0.0274168148011152,30,0.0177086275423882,"OSCAR","19:54863258","54863258","rs2287826","non_coding_transcript_exon_variant","54863258","19","variation","dbSNP","GRCh37","G, A, T","G","A, T"
"19:54863805:C:T","C","T","19","54863805","ENSG00000170909",-0.960207721566821,-4.74008860783632,7.76041553034937e-06,0.0329623649651589,0.0274168148011152,30,0.0178334348887429,"OSCAR","19:54863805","54863805","rs79026632","non_coding_transcript_exon_variant","54863805","19","variation","dbSNP","GRCh37","C, T","C","T"
"3:132644562:C:T","C","T","3","132644562","ENSG00000144868",-0.277261925693342,-4.62556694932154,1.2182750222927e-05,0.0448628803343108,0.0414861601234206,27,0.0279959600122862,"TMEM108","3:132644562","132644562","rs59241569","intergenic_variant","132644562","3","variation","dbSNP","GRCh37","C, A, T","C","A, T"
"3:132644775:C:A","C","A","3","132644775","ENSG00000144868",-0.277261925693342,-4.62556694932154,1.2182750222927e-05,0.0448628803343108,0.0414861601234206,27,0.0279959600122862,"TMEM108","3:132644775","132644775","rs73205602","intergenic_variant","132644775","3","variation","dbSNP","GRCh37","C, A, G, T","C","A, G, T"
"3:132644815:G:A","G","A","3","132644815","ENSG00000144868",-0.277228782161676,-4.62488820287278,1.22151386042847e-05,0.0448628803343108,0.0414861601234206,27,0.0280703885126462,"TMEM108","3:132644815","132644815","rs62290371","intergenic_variant","132644815","3","variation","dbSNP","GRCh37","G, A","G","A"
